species,mean_body_mass_g,min_body_mass_g,max_body_mass_g,no_invidual
Gentoo,4679.741379310345,3950,5200,58
Chinstrap,3527.205882352941,2700,4150,34
Adelie,3392.8571428571427,3200,3700,7
